[
  {
    "type": "header",
    "version": "5.2.1",
    "comment": "Export to JSON plugin for PHPMyAdmin"
  },
  { "type": "database", "name": "gunn_wp" },
  {
    "type": "table",
    "name": "wp_female35kmYearResults",
    "database": "gunn_wp",
    "data": [
      {
        "FirstName": "Camilla",
        "LastName": "Evans",
        "FinishTime": "00:15:48",
        "Date": "2012-06-26"
      },
      {
        "FirstName": "Sam",
        "LastName": "Gidley",
        "FinishTime": "00:15:41",
        "Date": "2013-01-22"
      },
      {
        "FirstName": "Nin",
        "LastName": "Macken",
        "FinishTime": "00:18:16",
        "Date": "2014-02-18"
      },
      {
        "FirstName": "Tegan",
        "LastName": "Tiss",
        "FinishTime": "00:13:04",
        "Date": "2015-06-30"
      },
      {
        "FirstName": "Joanne",
        "LastName": "Taserski",
        "FinishTime": "00:16:33",
        "Date": "2016-11-08"
      },
      {
        "FirstName": "Liz",
        "LastName": "McCutcheon",
        "FinishTime": "00:19:48",
        "Date": "2017-11-21"
      },
      {
        "FirstName": "Chihiro",
        "LastName": "Isjima",
        "FinishTime": "00:18:58",
        "Date": "2018-10-30"
      },
      {
        "FirstName": "Makere",
        "LastName": "Hurst",
        "FinishTime": "00:17:54",
        "Date": "2019-04-09"
      },
      {
        "FirstName": "Lisa",
        "LastName": "Flower",
        "FinishTime": "00:18:28",
        "Date": "2020-01-21"
      },
      {
        "FirstName": "Monica",
        "LastName": "Marvel",
        "FinishTime": "00:19:49",
        "Date": "2021-12-14"
      },
      {
        "FirstName": "Claire",
        "LastName": "Moser",
        "FinishTime": "00:16:12",
        "Date": "2022-08-30"
      },
      {
        "FirstName": "Dani",
        "LastName": "Anderson",
        "FinishTime": "00:17:22",
        "Date": "2023-06-20"
      }
    ]
  }
]
