[
  {
    "type": "header",
    "version": "5.2.1",
    "comment": "Export to JSON plugin for PHPMyAdmin"
  },
  { "type": "database", "name": "gunn_wp" },
  {
    "type": "table",
    "name": "wp_female5kmYearResults",
    "database": "gunn_wp",
    "data": [
      {
        "FirstName": "Kate",
        "LastName": "Lee",
        "FinishTime": "00:19:01",
        "Date": "2012-03-27"
      },
      {
        "FirstName": "Camilla",
        "LastName": "Evans",
        "FinishTime": "00:19:36",
        "Date": "2013-10-22"
      },
      {
        "FirstName": "Camilla",
        "LastName": "Evans",
        "FinishTime": "00:20:18",
        "Date": "2014-03-25"
      },
      {
        "FirstName": "Haidee",
        "LastName": "Dahl",
        "FinishTime": "00:21:19",
        "Date": "2015-06-30"
      },
      {
        "FirstName": "Ruth",
        "LastName": "Hearnshaw",
        "FinishTime": "00:22:37",
        "Date": "2016-02-09"
      },
      {
        "FirstName": "Emma",
        "LastName": "Bassett",
        "FinishTime": "00:20:42",
        "Date": "2017-12-12"
      },
      {
        "FirstName": "Emma",
        "LastName": "Bassett",
        "FinishTime": "00:20:04",
        "Date": "2018-12-18"
      },
      {
        "FirstName": "Anna",
        "LastName": "Kean",
        "FinishTime": "00:20:38",
        "Date": "2019-02-12"
      },
      {
        "FirstName": "Lauren",
        "LastName": "Young",
        "FinishTime": "00:21:58",
        "Date": "2020-03-03"
      },
      {
        "FirstName": "Hannah",
        "LastName": "Di Cocco",
        "FinishTime": "00:23:55",
        "Date": "2021-12-14"
      },
      {
        "FirstName": "Jess",
        "LastName": "Bailey",
        "FinishTime": "00:22:07",
        "Date": "2022-12-13"
      },
      {
        "FirstName": "Indi",
        "LastName": "Ellis",
        "FinishTime": "00:20:14",
        "Date": "2023-05-02"
      }
    ]
  }
]
