[
  {
    "type": "header",
    "version": "5.2.1",
    "comment": "Export to JSON plugin for PHPMyAdmin"
  },
  { "type": "database", "name": "gunn_wp" },
  {
    "type": "table",
    "name": "wp_male5kmYearResults",
    "database": "gunn_wp",
    "data": [
      {
        "FirstName": "Mark",
        "LastName": "Hughes (The Flying Scotsman)",
        "FinishTime": "00:17:13",
        "Date": "2012-10-09"
      },
      {
        "FirstName": "Rossie",
        "LastName": "Evans",
        "FinishTime": "00:17:22",
        "Date": "2013-01-22"
      },
      {
        "FirstName": "Stuart",
        "LastName": "Knight",
        "FinishTime": "00:17:29",
        "Date": "2014-10-07"
      },
      {
        "FirstName": "Mark",
        "LastName": "Hughes (The Flying Scotsman)",
        "FinishTime": "00:17:45",
        "Date": "2015-11-23"
      },
      {
        "FirstName": "Steven",
        "LastName": "Wylie",
        "FinishTime": "00:16:39",
        "Date": "2016-03-01"
      },
      {
        "FirstName": "Niam",
        "LastName": "MacDonald",
        "FinishTime": "00:16:57",
        "Date": "2017-12-12"
      },
      {
        "FirstName": "Alex",
        "LastName": "Walker",
        "FinishTime": "00:17:57",
        "Date": "2018-05-01"
      },
      {
        "FirstName": "Mark",
        "LastName": "Donegan (Arkle)",
        "FinishTime": "00:17:45",
        "Date": "2019-10-22"
      },
      {
        "FirstName": "Mark",
        "LastName": "Donegan (Arkle)",
        "FinishTime": "00:17:35",
        "Date": "2020-02-25"
      },
      {
        "FirstName": "Mark",
        "LastName": "Donegan (Arkle)",
        "FinishTime": "00:18:15",
        "Date": "2021-12-14"
      },
      {
        "FirstName": "Jason",
        "LastName": "Donegan",
        "FinishTime": "00:17:53",
        "Date": "2022-09-13"
      },
      {
        "FirstName": "Mark",
        "LastName": "Donegan (Arkle)",
        "FinishTime": "00:17:48",
        "Date": "2023-11-21"
      }
    ]
  }
]
