[
  {
    "type": "header",
    "version": "5.2.1",
    "comment": "Export to JSON plugin for PHPMyAdmin"
  },
  { "type": "database", "name": "gunn_wp" },
  {
    "type": "table",
    "name": "wp_male35kmYearResults",
    "database": "gunn_wp",
    "data": [
      {
        "FirstName": "Brook",
        "LastName": "Ludinski",
        "FinishTime": "00:13:59",
        "Date": "2012-08-28"
      },
      {
        "FirstName": "Paul",
        "LastName": "Dobryden",
        "FinishTime": "00:15:22",
        "Date": "2013-01-29"
      },
      {
        "FirstName": "Mike",
        "LastName": "Cocksedge",
        "FinishTime": "00:18:51",
        "Date": "2014-04-29"
      },
      {
        "FirstName": "Mark",
        "LastName": "Hughes (The Flying Scotsman)",
        "FinishTime": "00:12:19",
        "Date": "2015-12-01"
      },
      {
        "FirstName": "Graeme",
        "LastName": "Blundstone",
        "FinishTime": "00:14:09",
        "Date": "2016-04-05"
      },
      {
        "FirstName": "Daniel",
        "LastName": "Summers",
        "FinishTime": "00:10:34",
        "Date": "2017-08-29"
      },
      {
        "FirstName": "Danny",
        "LastName": "Strapps",
        "FinishTime": "00:13:51",
        "Date": "2018-07-31"
      },
      {
        "FirstName": "Rob",
        "LastName": "Drysdale (Black Caviar)",
        "FinishTime": "00:13:22",
        "Date": "2019-09-03"
      },
      {
        "FirstName": "Mark",
        "LastName": "Wilson",
        "FinishTime": "00:17:03",
        "Date": "2020-03-03"
      },
      {
        "FirstName": "Mark",
        "LastName": "Wilson",
        "FinishTime": "00:18:59",
        "Date": "2021-05-18"
      },
      {
        "FirstName": "Trent",
        "LastName": "Gauci",
        "FinishTime": "00:13:16",
        "Date": "2022-10-04"
      },
      {
        "FirstName": "Michael",
        "LastName": "Longstaff",
        "FinishTime": "00:13:33",
        "Date": "2023-12-19"
      }
    ]
  }
]
