[
  {
    "LocationId": "1",
    "Value": "albertParkLake"
  },
  {
    "LocationId": "2",
    "Value": "portMelbBeach"
  },
  {
    "LocationId": "3",
    "Value": "albertParkLake"
  },
  {
    "LocationId": "4",
    "Value": "portMelbBeach"
  },
  {
    "LocationId": "5",
    "Value": "portMelbBeach"
  },
  {
    "LocationId": "6",
    "Value": "tanGardens"
  },
  {
    "LocationId": "7",
    "Value": "albertParkLake"
  },
  {
    "LocationId": "8",
    "Value": "portMelbBeach"
  },
  {
    "LocationId": "9",
    "Value": "portMelbBeach"
  },
  {
    "LocationId": "10",
    "Value": "portMelbBeach"
  },
  {
    "LocationId": "11",
    "Value": "southMelbBeach"
  },
  {
    "LocationId": "12",
    "Value": "southMelbBeach"
  }
]
